Sog No,Type,Size,Quantity,Nok Type,Din Type
006423N,1,OR 7.9*3.18 NK7,1316,O-RING,O-RING
003225C,1,OR 9*3 CK7,228,O-RING,O-RING
003225N,1,OR 9*3 NK7,84,O-RING,O-RING
003225S,1,OR 9*3 SR7,997,O-RING,O-RING
004677V,4,XR 9.19*3.53 VK7,293,X-RING,X-RING
003044L,1,OR 10.39*3.53 LK7,762,O-RING,O-RING
000205G,1,OR 10.69*3.53 GW7,128,O-RING,O-RING
000205J,1,OR 10.69*3.53 JR5,798,O-RING,O-RING
000205K,1,OR 10.69*3.53 KG7,757,O-RING,O-RING
000205N,1,OR 10.69*3.53 NK7,3534,O-RING,O-RING
000205O,1,OR 10.69*3.53 OK7,978,O-RING,O-RING
000206K,1,OR 12.29*3.53 KK8,381,O-RING,O-RING
000206V,1,OR 12.29*3.53 VK7,64,O-RING,O-RING
003514N,1,OR 19*3 NK7,5061,O-RING,O-RING
003514S,1,OR 19*3 SR7,169,O-RING,O-RING
003876C,1,OR 19*3.5 CK7,265,O-RING,O-RING
004635N,4,XR 20.9*3.53 NK8,950,X-RING,X-RING
004635V,4,XR 20.9*3.53 VK8,440,X-RING,X-RING
000213G,1,OR 23.39*3.53 GW7,1616,O-RING,O-RING
000213K,1,OR 23.39*3.53 KK8,82,O-RING,O-RING
000213K,1,OR 23.39*3.53 KK7,70,O-RING,O-RING
000213N,1,OR 23.39*3.53 NK7,55,O-RING,O-RING
000213V,1,OR 23.39*3.53 VK7,6,O-RING,O-RING
004624N,4,XR 23.99*3.53 NK8,265,X-RING,X-RING
004214V,4,XR 24.99*3.53 VKC,211,X-RING,X-RING
001812N,1,OR 29*3 NK7,1768,O-RING,O-RING
003706N,1,OR 29*3.2 NK7,345,O-RING,O-RING
000221K,1,OR 36.09*3.53 KK8,22,O-RING,O-RING
000221L,1,OR 36.09*3.53 LW7,142,O-RING,O-RING
000221V,1,OR 36.09*3.53 VK8,121,O-RING,O-RING
000222E,1,OR 37.69*3.53 EK7,6241,O-RING,O-RING
000222J,1,OR 37.69*3.53 JR7,827,O-RING,O-RING
000222N,1,OR 37.69*3.53 NK7,5009,O-RING,O-RING
000222N,1,OR 37.69*3.53 NG7,85,O-RING,O-RING
000222S,1,OR 37.69*3.53 SA7,1979,O-RING,O-RING
004222J,4,XR 37.69*3.53 JR7,342,X-RING,X-RING
003167J,1,OR 39*3 JB5,185,O-RING,O-RING
003167J,1,OR 39*3 JR7,899,O-RING,O-RING
003167J,1,OR 39*3 JR7,821,O-RING,O-RING
003167N,1,OR 39*3 NK5,651,O-RING,O-RING
003167N,1,OR 39*3 NK7,548,O-RING,O-RING
005017C,1,OR 39*3.5 CK7,231,O-RING,O-RING
005017L,1,OR 39*3.5 LK7,884,O-RING,O-RING
000226K,1,OR 50.39*3.53 KK7,89,O-RING,O-RING
000226K,1,OR 50.39*3.53 KK8,17,O-RING,O-RING
000226N,1,OR 50.39*3.53 NK7,8,O-RING,O-RING
000226V,1,OR 50.39*3.53 VNC,80,O-RING,O-RING
000226V,1,OR 50.39*3.53 VN7,68,O-RING,O-RING
000226V,1,OR 50.39*3.53 VG7,17,O-RING,O-RING
000226V,1,OR 50.39*3.53 VK7,111,O-RING,O-RING
000226V,1,OR 50.39*3.53 VNC,195,O-RING,O-RING
001722J,1,OR 52.39*3.53 JR6,296,O-RING,O-RING
001722L,1,OR 52.39*3.53 LK7,71,O-RING,O-RING
001722N,1,OR 52.39*3.53 NK9,8,O-RING,O-RING
001910J,1,OR 59*3 JR7,301,O-RING,O-RING
001910P,1,OR 59*3 PK7,136,O-RING,O-RING
005425K,1,OR 59*3.5 KK8,26,O-RING,O-RING
003901C,1,OR 61.9*3.53 CK7,251,O-RING,O-RING
003901J,1,OR 61.9*3.53 JR7,650,O-RING,O-RING
003901L,1,OR 61.9*3.53 LK7,476,O-RING,O-RING
003901N,1,OR 61.9*3.53 NK9,4,O-RING,O-RING
003901N,1,OR 61.9*3.53 NK5,1021,O-RING,O-RING
003901V,1,OR 61.9*3.53 VKC,403,O-RING,O-RING
000230V,1,OR 63.09*3.53 VN7,35,O-RING,O-RING
000230V,1,OR 63.09*3.53 VG7,195,O-RING,O-RING
000230V,1,OR 63.09*3.53 VK7,31,O-RING,O-RING
000230V,1,OR 63.09*3.53 VNC,79,O-RING,O-RING
004230N,4,XR 63.09*3.53 NK7,384,X-RING,X-RING
004230N,4,XR 63.09*3.53 NK8,1196,X-RING,X-RING
001847L,1,OR 69*3 LK7,226,O-RING,O-RING
001847N,1,OR 69*3 NK8,53,O-RING,O-RING
005063N,1,OR 79*3 NK7,156,O-RING,O-RING
000238J,1,OR 88.49*3.53 JA7,194,O-RING,O-RING
000238K,1,OR 88.49*3.53 KK8,11,O-RING,O-RING
000238S,1,OR 88.49*3.53 SR7,84,O-RING,O-RING
000238V,1,OR 88.49*3.53 VK8,77,O-RING,O-RING
000238V,1,OR 88.49*3.53 VK7,30,O-RING,O-RING
000238V,1,OR 88.49*3.53 VG7,84,O-RING,O-RING
001569E,1,OR 89*3 EK7,78,O-RING,O-RING
001569J,1,OR 89*3 JR7,430,O-RING,O-RING
001569L,1,OR 89*3 LK7,439,O-RING,O-RING
003632L,1,OR 99*3 LK7,365,O-RING,O-RING
003632N,1,OR 99*3 NK9,2416,O-RING,O-RING
003632V,1,OR 99*3 VK8,7,O-RING,O-RING
005172V,1,OR 109*3.5 VK8,41,O-RING,O-RING
006187V,1,OR 109*3 VK8,143,O-RING,O-RING
004694E,4,XR 113.9*3.53 EK5,304,X-RING,X-RING
006377V,1,OR 119*3 VK9,58,O-RING,O-RING
006363V,1,OR 209*3 VKC,165,O-RING,O-RING
006363V,1,OR 209*3 VKC,193,O-RING,O-RING
000272N,1,OR 240.9*3.53 NK9,11,O-RING,O-RING
000272V,1,OR 240.9*3.53 VN7,5,O-RING,O-RING
004275V,4,XR 266.29*3.53 VK7,8,X-RING,X-RING
000276V,1,OR 278.99*3.53 VKC,75,O-RING,O-RING
109569N,101,6*19*3,57,VC,AO
113985N,201,9*19*3,330,VB,BO
410495N,2,10*19*3/4,570,,
110920N,103,10*19*3.5,218,SC,A
100381N,101,12*19*3,2865,VC,AO
100957N,137,12*19*3,26679,VG,AO-RIL
100957S,137,12*19*3,68,VG,AO-RIL
115627N,200,12*19*3,517,,
117165N,185,12.7*19*3.5/4.2,1277,DKC,
117011N,202,13*19*3,267,VM,BO
112996N,282,14*19*3/5,969,GA,WPM
115102V,104,14.29*34.92*6.35,127,TC,AS
105324N,201,17*29*3.2,100,VB,BO
400639N,103,18.9*30*5,1377,SC,A
116215N,104,18.9*30*5 L,840,TC,AS
117803N,188,19*30*2/7,484,SVY,
106934V,145,19*30*4.5,575,TF,AS
116418N,104,19*30*5,2889,TC,AS
116418N,104,19*30*5,4,TC,AS
116418V,104,19*30*5,1221,TC,AS
114440N,13,19*30*5/7,100,,
380474N,103,19*30*6,14,SC,A
113783N,122,19*30*6/6.5,249,TCN,BABSL
113783V,122,19*30*6/6.5,1103,TCN,BABSL
107633N,104,19*30*6.5,3880,TC,AS
103510N,104,19*30*7/8,467,TC,AS
100575V,142,19*30*7,201,TF,AS
113142N,210,19*30*7,514,TB,BS
117146N,215,19*30*7 R,623,TGB,
106201N,104,19*30*8,2551,TC,AS
106201V,104,19*30*8,1342,TC,AS
102203V,141,19*31*6,258,SF,A
111591N,283,19*31*6/9,766,DKB,
111487N,104,19*31*8,121,TC,AS
116697N,131,19*31.7*8,244,TC4,
117106N,101,19*32*5,1411,VC,AO
108322N,104,19*32*5,5460,TC,AS
109628V,104,19*32*6,653,TC,AS
410355N,131,19*32*6/7,78,TC4,
470134N,131,19*32*6/7,52,TC4,
103348N,104,19*32*7,2480,TC,AS
103348S,104,19*32*7,708,TC,AS
114856V,122,19*32*7/7.5,469,TCN,BABSL
107214N,131,19*32*7/8,750,TC4,
106014N,207,19*32*7,397,SB,B
103737N,104,19*32*8,20,TC,AS
103737V,104,19*32*8,1099,TC,AS
118246N,104,19*32*10,10,TC,AS
106935N,145,19*32*10,478,TF,AS
113800N,203,19*32*11,1293,VZ,BO
103936N,104,19*33*7,317,TC,AS
109809N,104,19*33*8,519,TC,AS
101636N,104,19*33.35*10,251,TC,AS
101533N,1,19*33.5/46*6/10,631,,
109928N,104,19*34*6,700,TC,AS
109931N,104,19*34*7,725,TC,AS
106516N,104,19*34*8,625,TC,AS
115195N,188,19*35*2.2/7,410,SVY,
113675N,101,19*35*4.5,773,VC,AO
108385N,103,19*35*6,900,SC,A
119113N,104,19*35*6,191,TC,AS
113158N,126,19*35*6,1195,TCN,
113158V,126,19*35*6,1174,TCN,
101583N,103,19*35*7,187,SC,A
117853N,122,19*35*7/7.5,82,TCN,BABSL
117853V,122,19*35*7/7.5,626,TCN,BABSL
380995N,103,19*35*8,2,SC,A
112400N,104,19*35*8,706,TC,AS
112400V,104,19*35*8,123,TC,AS
118710N,122,19*35*8/8.5,1584,TCN,BABSL
118710V,122,19*35*8/8.5,982,TCN,BABSL
104971N,142,19*35*8,310,TF,AS
106612N,104,19*35*10,144,TC,AS
106612V,104,19*35*10,733,TC,AS
114681N,212,19*36*6.5 R,227,TZ,BS
108543N,104,19*36*7,517,TC,AS
103171N,103,19*36*8,340,SC,A
102748N,104,19*37*7,237,TC,AS
101326N,103,19*37*10,392,SC,A
410094N,207,19*37*10 R,207,SB,B
105294V,104,19*38*7,1158,TC,AS
115812N,104,19*38*8,593,TC,AS
104847N,104,19*39*7,1765,TC,AS
103980N,210,24.99*38.1*6.35,633,TB,BS
410219N,2,27.79*39.7*7.95,885,,
107023N,282,29*35*8/15,38,GA,WPM
107023V,282,29*35*8/15,196,GA,WPM
112048N,212,29*36*7,587,TZ,BS
114532E,137,29*37*4,42,VG,AO-RIL
114532N,137,29*37*4,591,VG,AO-RIL
114532V,137,29*37*4,255,VG,AO-RIL
116321N,137,29*38*4,454,VG,AO-RIL
109972N,103,29*38*6,160,SC,A
107365N,1,29*38*7/12,1763,,
110275N,103,29*39*5,2878,SC,A
410349V,2,40.28*51.59*3.63/4.2,900,,
410249N,20,117*137/139*32 W,118,,
191774N,304,269*300*15,14,TA,CS